{
    "audio": {
        "title": "bad to the bone",
        "artist": "bbno$, Lentra",
        "start_sample": 0,
        "end_sample": 6218100,
        "sampling_rate": 44100,
        "duration": 141.0,
        "bpm": 106,
        "beats": [
            0.5804988662131519,
            0.8649433106575963,
            1.4164172335600906,
            1.6021768707482993,
            1.991111111111111,
            2.281360544217687,
            2.861859410430839,
            3.140498866213152,
            3.7035827664399092,
            3.9938321995464854,
            4.54530612244898,
            4.864580498866213,
            5.114195011337869,
            5.38702947845805,
            5.717913832199547,
            5.955918367346939,
            6.2345578231292516,
            6.5364172335600905,
            6.791836734693877,
            7.134331065759637,
            7.389750566893424,
            7.703219954648526,
            7.9412244897959186,
            8.266303854875284,
            8.504308390022675,
            8.777142857142858,
            9.067392290249433,
            9.36344671201814,
            9.647891156462585,
            9.793015873015873,
            10.216780045351474,
            10.51283446712018,
            10.7740589569161,
            11.313922902494332,
            11.633197278911565,
            11.900226757369614,
            12.196281179138323,
            12.49233560090703,
            12.631655328798185,
            12.985759637188208,
            13.328253968253968,
            13.595283446712019,
            13.897142857142857,
            14.181587301587301,
            14.454421768707483,
            14.744671201814059,
            14.98267573696145,
            15.296145124716553,
            15.586394557823128,
            15.766349206349206,
            16.15528344671202,
            16.4281179138322,
            16.70095238095238,
            17.165351473922904,
            17.84453514739229,
            18.007074829931973,
            18.84299319727891,
            19.13324263038549,
            19.812426303854874,
            20.230385487528345,
            20.659954648526078,
            21.675827664399094,
            22.5059410430839,
            23.661133786848072,
            25.07174603174603,
            25.350385487528346,
            25.617414965986395,
            26.203718820861678,
            26.470748299319727,
            27.376326530612246,
            27.939410430839,
            28.08453514739229,
            29.22231292517007,
            30.598095238095237,
            31.05668934240363,
            32.008707482993195,
            32.449886621315194,
            32.86784580498866,
            33.56444444444445,
            33.877913832199546,
            33.97659863945578,
            34.27265306122449,
            35.131791383219955,
            35.40462585034014,
            35.68907029478458,
            35.973514739229024,
            36.252154195011336,
            36.53659863945578,
            36.815238095238094,
            37.14031746031746,
            37.41895691609977,
            37.69179138321996,
            37.947210884353744,
            38.23746031746032,
            38.492879818594105,
            38.945668934240366,
            39.067573696145125,
            39.36943310657596,
            39.671292517006805,
            39.9847619047619,
            40.216961451247165,
            40.46657596371882,
            40.791655328798186,
            41.09351473922902,
            41.29668934240363,
            41.74367346938776,
            42.457687074829934,
            42.79437641723356,
            43.0962358276644,
            43.299410430839,
            43.607074829931975,
            43.85668934240363,
            44.23401360544218,
            44.460408163265306,
            44.73904761904762,
            45.331156462585035,
            45.58077097505669,
            45.859410430839006,
            46.16126984126984,
            46.44571428571429,
            47.008798185941046,
            47.28163265306122,
            47.560272108843535,
            47.85632653061224,
            48.117551020408165,
            48.396190476190476,
            48.69804988662131,
            48.98829931972789,
            49.27274376417233,
            49.83002267573696,
            50.09705215419501,
            50.39310657596372,
            51.304489795918364,
            51.5308843537415,
            51.82113378684807,
            52.09396825396826,
            52.38421768707483,
            52.66866213151928,
            52.94730158730159,
            53.2085260770975,
            53.516190476190474,
            53.79482993197279,
            54.352108843537415,
            54.648163265306124,
            54.91519274376417,
            55.251882086167804,
            55.501496598639456,
            55.77433106575964,
            56.05877551020408,
            56.639274376417234,
            56.90630385487528,
            57.184943310657594,
            57.51582766439909,
            57.73061224489796,
            58.04408163265306,
            58.32272108843537,
            58.595555555555556,
            58.87419501133787,
            59.176054421768704,
            59.46049886621315,
            59.60562358276644,
            60.02358276643991,
            60.29641723356009,
            60.586666666666666,
            61.120725623582764,
            61.44,
            61.724444444444444,
            62.00888888888889,
            62.299138321995464,
            62.444263038548755,
            62.798367346938775,
            63.135056689342406,
            63.45433106575964,
            63.709750566893426,
            63.98839002267574,
            64.26702947845806,
            64.55727891156462,
            64.79528344671202,
            65.10294784580499,
            65.39900226757369,
            65.68925170068027,
            65.83437641723356,
            66.24072562358276,
            66.51356009070295,
            66.82122448979592,
            66.97795918367346,
            67.37269841269841,
            67.63972789115647,
            67.9415873015873,
            68.22022675736962,
            68.52208616780045,
            68.65560090702948,
            69.08517006802721,
            69.35800453514739,
            69.64244897959183,
            69.92689342403628,
            70.20553287981859,
            70.47836734693878,
            71.48843537414966,
            72.17922902494331,
            72.44045351473923,
            73.18349206349207,
            73.46793650793651,
            73.85687074829931,
            74.15292517006803,
            74.8843537414966,
            75.16299319727891,
            75.42421768707483,
            76.01052154195011,
            76.36462585034013,
            77.42113378684807,
            77.71718820861678,
            78.28607709750567,
            78.56471655328798,
            79.40643990929705,
            79.72571428571429,
            79.95210884353742,
            80.2249433106576,
            80.54421768707483,
            80.82866213151928,
            81.66458049886621,
            81.96643990929705,
            82.58757369614513,
            82.79655328798187,
            83.0984126984127,
            83.37705215419501,
            83.64988662131519,
            83.91691609977325,
            84.21297052154195,
            84.50902494331066,
            84.77024943310657,
            85.07791383219954,
            85.64680272108843,
            85.79192743764172,
            86.20408163265306,
            86.48272108843537,
            86.75555555555556,
            87.04,
            87.33024943310657,
            87.61469387755102,
            87.75401360544218,
            88.19519274376417,
            88.31709750566894,
            88.74666666666667,
            88.89179138321995,
            89.16462585034013,
            89.56517006802721,
            89.8786394557823,
            90.17469387755102,
